word,frequency
เทคนิคเล็กๆน้อยๆ,2
ใช้ดู,1
เหลืองนิด,1
คราวเดียว,1
ทางลงไปบาง,1
ของกำแพง,1
ไหมดี,1
ลายต่างๆ,1
คนสี,1
ไปบาง,1
แบบกาวย่น,1
ลายไหมดี,1
สมาชิกตั้งนานแล้ว,1
สมาชิกพัน,1
เร็วมาก,1
แบบที่ผู้หญิงตัวเล็กๆ,1
สีเหลือ,1
สมัครสมาชิกตั้งนานแล้ว,1
ยมมี,1
ใช่ปัญหา,1
พื้นของ,1
ฝั่งนั้นๆ,1
ผนังฝั่งนั้นๆ,1
ปัดขวา,1
ยิ้มยิ้ม,1
กาวย่น,1
ไม้คนสี,1
พู่กันเล็กๆ,1
มุมห้อง,1
ผนังเบา,1
ดันหมดกลางคัน,1
สีที่ทางลงไปบาง,1
แผ่นสมา,1
ตัวโมเม,1
ที่ผู้หญิงตัวเล็กๆ,1
ของเอ้,1
ไม้ใช่ปัญหา,1
ที่รีวิว,1
ตัวเล็กๆ,1
ของตัวโมเม,1
ปัดซ้าย,1
เลือกลายกากบาท,1
ผู้หญิงตัวเล็กๆ,1
ใช้พู่กันเล็กๆ,1
จะสมัครสมาชิกตั้งนานแล้ว,1
ปรับใช้ดู,1
วิทยาทานกัน,1
ได้ยากกว่า,1
ที่ทางลงไปบาง,1
ได้เร็วมาก,1
ลายกากบาท,1
